"branch","group","risk","last_commit_date","subject","connected_worktree","reason","recommended_action"
"audit/merged-branch-cleanup-candidates-20260515","D","HIGH","2026-05-15","fix(cleanup): detect worktree remove failures","YES","worktree_attached","SKIP_DANGER"
"batch/work-trace-save-experience-cards-20260515","A","PROTECTED","2026-05-15","feat(work-trace): save accepted candidates to raw_sources, experience_cards, experience_evidence","","protected pattern","PROTECT"
"chore/github-actions-pr-validation","C","MEDIUM","2026-05-04","fix(newgrad): correct axis1 registry QA import paths","","recent_14d","REVIEW_THEN_DELETE"
"chore/github-pages-auto-deploy","D","HIGH","2026-05-02","chore: add GitHub Pages auto deploy workflow","YES","worktree_attached","SKIP_DANGER"
"chore/newgrad-ambiguous-job-input-audit","D","HIGH","2026-05-03","Merge pull request #35 from true-hr/feature/job-alias-phase1-patch","YES","worktree_attached","SKIP_DANGER"
"chore/newgrad-axis1-major-job-fit-audit","D","HIGH","2026-05-03","Merge pull request #35 from true-hr/feature/job-alias-phase1-patch","YES","worktree_attached","SKIP_DANGER"
"chore/newgrad-axis1-output-qa-after-p2","D","HIGH","2026-05-03","Merge pull request #38 from true-hr/fix/newgrad-axis1-role-profiles-p2","YES","worktree_attached","SKIP_DANGER"
"chore/passmap-claude-workflow-system","D","HIGH","2026-05-11","feat(mvp): add editable resume experiences","","recent_7d","SKIP_DANGER"
"chore/passmap-workflow-rebase","D","HIGH","2026-05-11","fix(workflow): preserve direct execution mode","","recent_7d","SKIP_DANGER"
"chore/vercel-production-redeploy-trigger","D","HIGH","2026-05-04","docs: trigger production redeploy after main restore","YES","worktree_attached","SKIP_DANGER"
"compound-read-patch","D","HIGH","2026-05-08","feat(precise-analysis): add AI recruiter-view rejection analysis","","recent_7d","SKIP_DANGER"
"docs/axis1-round2-inputs","D","HIGH","2026-05-04","docs(newgrad): draft round2 major course inputs","YES","worktree_attached","SKIP_DANGER"
"docs/axis1-round3-inputs","D","HIGH","2026-05-04","docs(newgrad): draft round3 major course inputs","YES","worktree_attached","SKIP_DANGER"
"docs/axis1-special-major-inputs","D","HIGH","2026-05-04","docs(newgrad): draft special major bridge inputs","YES","worktree_attached","SKIP_DANGER"
"docs/newgrad-axis1-detail-reading-contract","D","HIGH","2026-05-03","docs(newgrad): add Axis1 detail reading contract","YES","worktree_attached","SKIP_DANGER"
"docs/newgrad-axis4-p3-option-b-lock","C","MEDIUM","2026-05-04","Merge pull request #93 from true-hr/fix/newgrad-axis4-typo-match-contact","","recent_14d","REVIEW_THEN_DELETE"
"feat/axis1-round2-major-bridge-registry","D","HIGH","2026-05-04","feat(newgrad): add round2 major bridge registry","YES","worktree_attached","SKIP_DANGER"
"feat/axis1-round3-major-bridge-registry","D","HIGH","2026-05-04","feat(newgrad): add round3 major bridge registry","YES","worktree_attached","SKIP_DANGER"
"feat/axis1-special-major-bridge-registry","D","HIGH","2026-05-04","feat(newgrad): add special major bridge registry","YES","worktree_attached","SKIP_DANGER"
"feat/newgrad-axis1-detail-reading-v1","D","HIGH","2026-05-03","Merge pull request #26 from true-hr/docs/newgrad-axis1-detail-reading-contract","YES","worktree_attached","SKIP_DANGER"
"feat/precise-analysis-jd-url-import","D","HIGH","2026-05-12","fix(reject): emphasize AI pending state (#274)","","recent_7d","SKIP_DANGER"
"feat/rejection-jd-requirement-decomposer-p1b-clean-v2","D","HIGH","2026-05-09","feat(rejection): add JD requirement decomposer","YES","worktree_attached","SKIP_DANGER"
"feat/rejection-p2-1-rolefit-context-risk-engines","D","HIGH","2026-05-09","feat(rejection): connect role-fit context to risk engines","","recent_7d","SKIP_DANGER"
"feat/rejection-p2-2a-achievement-keyword-context","D","HIGH","2026-05-09","feat(rejection): add structured context to achievement and keyword risks","","recent_7d","SKIP_DANGER"
"feat/rejection-p2-2b-gap-context","D","HIGH","2026-05-09","fix(newgrad): clarify edtech industry context (2李?","","recent_7d","SKIP_DANGER"
"feat/rejection-p3-1-grounded-ai-explanation-v2","D","HIGH","2026-05-09","feat(rejection): ground AI explanation on compositeRisk (P3-1)","","recent_7d","SKIP_DANGER"
"feat/rejection-p4-1-grounded-ai-ui-v2","D","HIGH","2026-05-09","feat(rejection): surface grounded AI rewrite guidance in UI","","recent_7d","SKIP_DANGER"
"feat/rejection-resume-career-interpreter-p1a-clean","D","HIGH","2026-05-09","fix(rejection): ground resume career recency in current date","","recent_7d","SKIP_DANGER"
"feat/rejection-role-fit-career-matcher-p1c-clean-v2","D","HIGH","2026-05-09","feat(rejection): add role-fit career matcher P1-C","YES","worktree_attached","SKIP_DANGER"
"feat/required-cert-gate","D","HIGH","2026-05-11","feat(decision): add required certification gate","YES","worktree_attached","SKIP_DANGER"
"feat/required-gate-signals-contract","D","HIGH","2026-05-11","fix(decision): reuse fit for required gate signals","","recent_7d","SKIP_DANGER"
"feat/required-major-gate","D","HIGH","2026-05-11","feat(decision): add required major gate","","recent_7d","SKIP_DANGER"
"feat/resume-ai-import-shell","D","HIGH","2026-05-03","feat(resume): add AI import preview shell","YES","worktree_attached","SKIP_DANGER"
"feat/web-push-subscription-foundation","D","HIGH","2026-05-11","feat(reminder): add web push subscription foundation","","recent_7d","SKIP_DANGER"
"feat/weekly-experience-recall-preferences","D","HIGH","2026-05-11","refactor(reminder): keep preference contract channel-agnostic","","recent_7d","SKIP_DANGER"
"feat/weekly-push-delivery-foundation","D","HIGH","2026-05-11","fix(reminder): normalize preference lookup failure","YES","worktree_attached","SKIP_DANGER"
"feat/worker-resume-import-ai","D","HIGH","2026-05-03","feat(worker): add AI resume import endpoint","YES","worktree_attached","SKIP_DANGER"
"feature/career-transition-smoke-coverage-marketing-sales","D","HIGH","2026-05-03","test: cover marketing sales transition archetypes","","danger_pattern","SKIP_DANGER"
"feature/job-alias-phase1-patch","D","HIGH","2026-05-03","fix(newgrad): expand job alias coverage phase1","","danger_pattern","SKIP_DANGER"
"fix/activate-cert-gate-suppression","D","HIGH","2026-05-11","fix(decision): suppress duplicate certification risks under gate","YES","worktree_attached","SKIP_DANGER"
"fix/ai-draft-login-required-feedback","D","HIGH","2026-05-03","Merge branch 'release/career-transition-copy-quality-batch-4e'","YES","worktree_attached","SKIP_DANGER"
"fix/ai-resume-button-current-user-gate","D","HIGH","2026-05-03","fix(ai): keep draft button enabled before login gate","YES","worktree_attached","SKIP_DANGER"
"fix/ai-resume-draft-enable-from-current-record","D","HIGH","2026-05-03","fix(ai): enable resume draft generation from current record","YES","worktree_attached","SKIP_DANGER"
"fix/auth-supabase-env-github-pages","D","HIGH","2026-05-03","fix(auth): restore Supabase env wiring for GitHub Pages","YES","worktree_attached","SKIP_DANGER"
"fix/axis1-industrial-engineering-pm-bridge","D","HIGH","2026-05-04","fix(newgrad): add industrial engineering PM bridge","YES","worktree_attached","SKIP_DANGER"
"fix/axis1-round2-other-humanities-p0","D","HIGH","2026-05-04","fix(newgrad): soften humanities content marketing bridge","YES","worktree_attached","SKIP_DANGER"
"fix/axis2-archetype-detail-labels","D","HIGH","2026-05-04","fix(newgrad): apply industry guidance to axis2 detail labels","YES","worktree_attached","SKIP_DANGER"
"fix/axis2-consulting-research-archetype","C","MEDIUM","2026-05-04","fix(newgrad): map consulting research industry archetype","","recent_14d","REVIEW_THEN_DELETE"
"fix/axis5-strength-only-clean","D","HIGH","2026-05-04","fix(newgrad): improve Axis5 strength workstyle grounding","YES","worktree_attached","SKIP_DANGER"
"fix/career-compound-read","D","HIGH","2026-05-08","feat(career): add compound transition read","YES","worktree_attached","SKIP_DANGER"
"fix/career-compound-read-copy-tune","D","HIGH","2026-05-08","fix(career): cover public finance compound read","YES","worktree_attached","SKIP_DANGER"
"fix/career-strength-evidence-aware-origin","D","HIGH","2026-05-08","feat(career-strength): add evidence context for origin line templates","YES","worktree_attached","SKIP_DANGER"
"fix/career-strength-evidence-aware-templates","D","HIGH","2026-05-08","fix(career-strength): apply evidence-aware framing to top 3 origin templates","YES","worktree_attached","SKIP_DANGER"
"fix/career-strength-risk-target-context-clean","D","HIGH","2026-05-08","fix(career): refine strength risk copy by target context","","recent_7d","SKIP_DANGER"
"fix/career-strength-template-grounding-copy","D","HIGH","2026-05-08","fix(experienced): soften unsupported strength origin templates","YES","worktree_attached","SKIP_DANGER"
"fix/career-validation-card-copy-assembly","D","HIGH","2026-05-08","fix(career): stabilize validation card copy assembly","YES","worktree_attached","SKIP_DANGER"
"fix/certification-alias-coverage-phase1","D","HIGH","2026-05-11","fix(decision): expand certification alias coverage phase1","","recent_7d","SKIP_DANGER"
"fix/compound-creative-infra-read","D","HIGH","2026-05-08","Merge pull request #159 from true-hr/fix/resume-ai-input-loading-before-navigation","YES","worktree_attached","SKIP_DANGER"
"fix/experienced-axis3-both-cross-gap","D","HIGH","2026-05-09","fix(transition): add both-cross axis3 responsibility gap","","recent_7d","SKIP_DANGER"
"fix/experienced-axis3-cap-explanation","D","HIGH","2026-05-09","fix(transition): explain capped responsibility scope reads","","recent_7d","SKIP_DANGER"
"fix/experienced-axis3-cross-industry-explanation-v2","D","HIGH","2026-05-09","fix(transition): clarify experienced axis3 cross-industry explanation","","recent_7d","SKIP_DANGER"
"fix/experienced-industry-relevance-tier-gate","D","HIGH","2026-05-11","fix(transition): finish minimal-tier job-centered reads","","recent_7d","SKIP_DANGER"
"fix/experienced-transition-combination-read-3","D","HIGH","2026-05-09","Merge branch 'origin/main' into fix/experienced-transition-combination-read-3","","recent_7d","SKIP_DANGER"
"fix/experienced-transition-read-stability","D","HIGH","2026-05-09","fix(newgrad): pass axis4 interaction evidence to buildNewgradAxisPack","","recent_7d","SKIP_DANGER"
"fix/experienced-transition-read-stability-2","D","HIGH","2026-05-09","fix(transition): stabilize experienced report reads","","recent_7d","SKIP_DANGER"
"fix/experienced-transition-scoring-calibration-2","D","HIGH","2026-05-09","fix(transition): calibrate experienced role scoring","","recent_7d","SKIP_DANGER"
"fix/github-pages-api-routing-plus-enhance","D","HIGH","2026-05-10","fix(rejection): route github pages ai calls to vercel","YES","worktree_attached","SKIP_DANGER"
"fix/industry-customer-structure-cap","C","MEDIUM","2026-05-07","fix(experienced): cap customer structure fit for regulated sectors","","recent_14d","REVIEW_THEN_DELETE"
"fix/mobile-dashboard-compact-redesign","C","MEDIUM","2026-05-01","feat(mobile): compact dashboard layout","","recent_14d","REVIEW_THEN_DELETE"
"fix/mobile-entry-ux-round1","D","HIGH","2026-05-02","fix(mobile): improve analysis entry and login flow","YES","worktree_attached","SKIP_DANGER"
"fix/mobile-home-login-cta-round2c","D","HIGH","2026-05-03","fix(mobile): add login CTA to home dashboard for unauthenticated users","","danger_pattern","SKIP_DANGER"
"fix/mobile-home-record-status-card","C","MEDIUM","2026-05-03","fix(mobile): show work record status on home","","recent_14d","REVIEW_THEN_DELETE"
"fix/mobile-home-record-status-round3b","C","MEDIUM","2026-05-03","fix(mobile): resolve home record status conflict","","recent_14d","REVIEW_THEN_DELETE"
"fix/mobile-post-save-prompt","C","MEDIUM","2026-05-03","fix(mobile): prompt AI resume draft after saving record","","recent_14d","REVIEW_THEN_DELETE"
"fix/mobile-post-save-prompt-round3c","C","MEDIUM","2026-05-03","fix(mobile): add post-save prompt for work records","","recent_14d","REVIEW_THEN_DELETE"
"fix/mobile-result-ux-round2a","C","MEDIUM","2026-05-02","fix(mobile): refine transition result summary and sections","","recent_14d","REVIEW_THEN_DELETE"
"fix/mobile-week-strip-round3d","D","HIGH","2026-05-03","fix(mobile): add weekly record strip","YES","worktree_attached","SKIP_DANGER"
"fix/newgrad-ambiguous-job-input-ui-phase2a","D","HIGH","2026-05-03","Merge pull request #35 from true-hr/feature/job-alias-phase1-patch","YES","worktree_attached","SKIP_DANGER"
"fix/newgrad-axis1-bridge-content-batch1","D","HIGH","2026-05-11","fix(newgrad): add axis1 bridge content batch1","YES","worktree_attached","SKIP_DANGER"
"fix/newgrad-axis1-bridge-coverage-batch1","C","MEDIUM","2026-05-04","fix(newgrad): expand Axis1 major job bridge coverage Batch 1","","recent_14d","REVIEW_THEN_DELETE"
"fix/newgrad-axis1-bridge-sync-structural","D","HIGH","2026-05-11","fix(newgrad): add alias map for score-side major keys in bridge resolver","YES","worktree_attached","SKIP_DANGER"
"fix/newgrad-axis1-canonical-detail-reading","D","HIGH","2026-05-04","fix(newgrad): render Axis1 detail reading on comparison row","YES","worktree_attached","SKIP_DANGER"
"fix/newgrad-axis1-economics-pmm-major-key-hit","C","MEDIUM","2026-05-03","fix(newgrad): ensure economics PMM Axis1 bridge condition hits","","recent_14d","REVIEW_THEN_DELETE"
"fix/newgrad-axis1-job-specific-batch1a","D","HIGH","2026-05-03","fix(newgrad): align Axis1 job-specific detail meta","YES","worktree_attached","SKIP_DANGER"
"fix/newgrad-axis1-job-specific-batch1b","D","HIGH","2026-05-03","Merge pull request #36 from true-hr/fix/newgrad-axis1-job-specific-batch1a","YES","worktree_attached","SKIP_DANGER"
"fix/newgrad-axis1-job-specific-batch1b-v2","D","HIGH","2026-05-03","feat(newgrad): add Axis1 job-specific actions for planning marketing HR","YES","worktree_attached","SKIP_DANGER"
"fix/newgrad-axis1-job-specific-batch1c","D","HIGH","2026-05-03","feat(newgrad): add Axis1 job-specific actions for finance SCM manufacturing","YES","worktree_attached","SKIP_DANGER"
"fix/newgrad-axis1-major-job-fit-grounding","C","MEDIUM","2026-05-04","fix(newgrad): improve Axis1 major job fit grounding","","recent_14d","REVIEW_THEN_DELETE"
"fix/newgrad-axis1-p3a-metadata-accounting","D","HIGH","2026-05-03","fix(newgrad): correct axis1 metadata and accounting profile","YES","worktree_attached","SKIP_DANGER"
"fix/newgrad-axis1-p3b3-polish","D","HIGH","2026-05-03","fix(newgrad): polish axis1 p3b3 role profile guidance","YES","worktree_attached","SKIP_DANGER"
"fix/newgrad-axis1-pmm-economics-output-quality","D","HIGH","2026-05-03","fix(newgrad): improve Axis1 economics PMM output quality","YES","worktree_attached","SKIP_DANGER"
"fix/newgrad-axis1-role-profiles-p1","D","HIGH","2026-05-03","fix(newgrad): add axis1 role profiles p1","YES","worktree_attached","SKIP_DANGER"
"fix/newgrad-axis1-role-profiles-p2","D","HIGH","2026-05-03","fix(newgrad): add axis1 role profiles p2","YES","worktree_attached","SKIP_DANGER"
"fix/newgrad-axis1-role-profiles-p3b1","D","HIGH","2026-05-03","fix(newgrad): add axis1 role profiles p3b1","YES","worktree_attached","SKIP_DANGER"
"fix/newgrad-axis1-role-profiles-p3b2","D","HIGH","2026-05-03","fix(newgrad): add axis1 role profiles p3b2","YES","worktree_attached","SKIP_DANGER"
"fix/newgrad-axis1-role-profiles-p3b3","D","HIGH","2026-05-03","fix(newgrad): add axis1 role profiles p3b3","YES","worktree_attached","SKIP_DANGER"
"fix/newgrad-axis1-role-profiles-p3b4","D","HIGH","2026-05-03","fix(newgrad): add axis1 role profiles p3b4","YES","worktree_attached","SKIP_DANGER"
"fix/newgrad-axis1-role-profiles-p3b5","D","HIGH","2026-05-03","fix(newgrad): add axis1 role profiles p3b5","YES","worktree_attached","SKIP_DANGER"
"fix/newgrad-axis1-role-profiles-p3b6","D","HIGH","2026-05-03","fix(newgrad): add axis1 role profiles p3b6","YES","worktree_attached","SKIP_DANGER"
"fix/newgrad-axis1-role-profiles-p3b7","D","HIGH","2026-05-03","feat(newgrad): add Axis1 role profiles for 12 job categories (P3-B-7)","YES","worktree_attached","SKIP_DANGER"
"fix/newgrad-axis1-service-planning-bridge-key","D","HIGH","2026-05-11","fix(newgrad): narrow service planning alias to safe-scope profiles only","YES","worktree_attached","SKIP_DANGER"
"fix/newgrad-axis2-batch2a-copy-quality","C","MEDIUM","2026-05-03","fix(newgrad): specialize Axis2 industry understanding copy for batch 2a","","recent_14d","REVIEW_THEN_DELETE"
"fix/newgrad-axis2-batch2a-finance-insurance-card","D","HIGH","2026-05-04","feat(newgrad): expand axis2 finance industry guidance","YES","worktree_attached","SKIP_DANGER"
"fix/newgrad-axis2-batch2b-education-edtech","D","HIGH","2026-05-04","Merge pull request #69 from true-hr/docs/axis1-round2-inputs","YES","worktree_attached","SKIP_DANGER"
"fix/newgrad-axis2-batch2bc-dropdown-registry","C","MEDIUM","2026-05-04","Merge pull request #81 from true-hr/qa/newgrad-report-e2e-after-axis1","","recent_14d","REVIEW_THEN_DELETE"
"fix/newgrad-axis2-batch2c-content-media-entertainment","C","MEDIUM","2026-05-04","feat(newgrad): complete axis2 media entertainment batch","","recent_14d","REVIEW_THEN_DELETE"
"fix/newgrad-axis2-batch2d-public-services","C","MEDIUM","2026-05-04","fix(newgrad): vary axis4 stakeholder role hint copy clean","","recent_14d","REVIEW_THEN_DELETE"
"fix/newgrad-axis2-batch2e-manufacturing-it-retail","C","MEDIUM","2026-05-04","Merge pull request #93 from true-hr/fix/newgrad-axis4-typo-match-contact","","recent_14d","REVIEW_THEN_DELETE"
"fix/newgrad-axis2-batch2e-manufacturing-it-retail-clean","C","MEDIUM","2026-05-04","feat(newgrad): recreate axis2 batch2e manufacturing it retail industries","","recent_14d","REVIEW_THEN_DELETE"
"fix/newgrad-axis2-batch2f-logistics-construction-energy-clean","C","MEDIUM","2026-05-04","feat(newgrad): add 15 new industries to axis2 batch 2-F registry","","recent_14d","REVIEW_THEN_DELETE"
"fix/newgrad-axis2-batch2g-healthcare-lifestyle-services","C","MEDIUM","2026-05-04","fix(newgrad): wire axis2 batch2g industry dropdown options","","recent_14d","REVIEW_THEN_DELETE"
"fix/newgrad-axis2-card1-industry-background-batch1b","D","HIGH","2026-05-03","fix(newgrad): improve axis2 industry background copy","YES","worktree_attached","SKIP_DANGER"
"fix/newgrad-axis2-card2-work-context-batch1c","D","HIGH","2026-05-04","fix(newgrad): improve axis2 industry work context copy","YES","worktree_attached","SKIP_DANGER"
"fix/newgrad-axis2-card3-industry-archetypes-batch1a","C","MEDIUM","2026-05-03","fix(newgrad): fix axis2 industry guidance build","","recent_14d","REVIEW_THEN_DELETE"
"fix/newgrad-axis2-case3-case13-context-polish","D","HIGH","2026-05-04","fix(newgrad): polish Axis2 manufacturing and SaaS context","YES","worktree_attached","SKIP_DANGER"
"fix/newgrad-axis2-comparison-block-copy","D","HIGH","2026-05-03","fix(newgrad): clarify Axis2 comparison evidence label","YES","worktree_attached","SKIP_DANGER"
"fix/newgrad-axis2-education-label-mapping","C","MEDIUM","2026-05-04","fix(newgrad): expand axis2 education label mapping","","recent_14d","REVIEW_THEN_DELETE"
"fix/newgrad-axis2-industry-context-grounding","D","HIGH","2026-05-04","fix(newgrad): improve Axis2 industry context grounding","YES","worktree_attached","SKIP_DANGER"
"fix/newgrad-axis2-industry-copy-separation-clean","D","HIGH","2026-05-09","Merge pull request #174 from true-hr/fix/newgrad-axis5-service-planning-traits-clean","","recent_7d","SKIP_DANGER"
"fix/newgrad-axis2-industry-copy-separation-clean-final","D","HIGH","2026-05-09","Merge pull request #174 from true-hr/fix/newgrad-axis5-service-planning-traits-clean","","recent_7d","SKIP_DANGER"
"fix/newgrad-axis2-industry-copy-separation-clean-v2","D","HIGH","2026-05-09","fix(newgrad): separate industry context copy in Axis2","","recent_7d","SKIP_DANGER"
"fix/newgrad-axis2-lift-rendering-field","C","MEDIUM","2026-05-03","fix(newgrad): render Axis2 industry lift guidance","","recent_14d","REVIEW_THEN_DELETE"
"fix/newgrad-axis2-pharma-ra-specialization","D","HIGH","2026-05-12","feat(axis2): add pharmaceutical횞REGULATORY_AFFAIRS specialization entry","YES","worktree_attached","SKIP_DANGER"
"fix/newgrad-axis2-repeatability-export","D","HIGH","2026-05-03","Merge pull request #60 from true-hr/fix/newgrad-axis2-card3-industry-archetypes-batch1a","YES","worktree_attached","SKIP_DANGER"
"fix/newgrad-axis3-detail-reading-phase1","C","MEDIUM","2026-05-04","fix(newgrad): soften axis4 conservative tone wording","","recent_14d","REVIEW_THEN_DELETE"
"fix/newgrad-axis3-detail-reading-phase1-clean","D","HIGH","2026-05-04","fix(newgrad): improve axis3 detail reading with input-based copy","YES","worktree_attached","SKIP_DANGER"
"fix/newgrad-axis3-detail-signal-separation","C","MEDIUM","2026-05-04","fix(newgrad): route axis4 stakeholder copy to comparison block","","recent_14d","REVIEW_THEN_DELETE"
"fix/newgrad-axis3-detail-signal-separation-clean","C","MEDIUM","2026-05-04","fix(newgrad): separate Axis3 detail reading signals for outcome/repeatability/combination","","recent_14d","REVIEW_THEN_DELETE"
"fix/newgrad-axis3-experience-evidence-grounding-clean","C","MEDIUM","2026-05-04","fix(newgrad): improve Axis3 experience evidence grounding with job-specific translations","","recent_14d","REVIEW_THEN_DELETE"
"fix/newgrad-axis3-final-explanation-entrypoint","D","HIGH","2026-05-04","fix(newgrad): centralize Axis3 final explanation output","YES","worktree_attached","SKIP_DANGER"
"fix/newgrad-axis3-phase3-qa-polish","D","HIGH","2026-05-04","fix(newgrad): polish axis3 empty and mixed experience guidance","YES","worktree_attached","SKIP_DANGER"
"fix/newgrad-axis4-comparison-block-output-path","C","MEDIUM","2026-05-04","Merge pull request #102 from true-hr/chore/vercel-production-redeploy-trigger","","recent_14d","REVIEW_THEN_DELETE"
"fix/newgrad-axis4-conservative-tone-hotfix","D","HIGH","2026-05-04","fix(newgrad): soften axis4 conservative tone wording","","danger_pattern","SKIP_DANGER"
"fix/newgrad-axis4-copy-variation-final","C","MEDIUM","2026-05-04","fix(newgrad): axis4 stakeholder role hint copy structure - clean","","recent_14d","REVIEW_THEN_DELETE"
"fix/newgrad-axis4-evidence-transmission-clean","D","HIGH","2026-05-09","fix(newgrad): pass axis4 interaction evidence to buildNewgradAxisPack","","recent_7d","SKIP_DANGER"
"fix/newgrad-axis4-job-stakeholder-profiles-batch1","C","MEDIUM","2026-05-04","fix(newgrad): correct Axis4 PMM stakeholder profile key mapping","","recent_14d","REVIEW_THEN_DELETE"
"fix/newgrad-axis4-p3-industry-context-registry","C","MEDIUM","2026-05-04","feat(newgrad): add axis4 industry stakeholder context registry","","recent_14d","REVIEW_THEN_DELETE"
"fix/newgrad-axis4-p3-render-industry-context","C","MEDIUM","2026-05-04","feat(newgrad): add 15 new industries to axis2 batch 2-E registry","","recent_14d","REVIEW_THEN_DELETE"
"fix/newgrad-axis4-p3-wire-industry-context","C","MEDIUM","2026-05-04","feat(newgrad): wire axis4 industry context into evidence summary","","recent_14d","REVIEW_THEN_DELETE"
"fix/newgrad-axis4-stakeholder-context-grounding","C","MEDIUM","2026-05-04","fix(newgrad): define Axis4 FP&A stakeholder context","","recent_14d","REVIEW_THEN_DELETE"
"fix/newgrad-axis4-stakeholder-copy-variation-clean","C","MEDIUM","2026-05-04","fix(newgrad): vary axis4 stakeholder role hint copy clean","","recent_14d","REVIEW_THEN_DELETE"
"fix/newgrad-axis4-typo-match-contact","C","MEDIUM","2026-05-04","fix(newgrad): correct axis4 contact typo","","recent_14d","REVIEW_THEN_DELETE"
"fix/newgrad-axis5-detail-render-contract","D","HIGH","2026-05-03","fix(newgrad): render axis5 judgment copy in detail cards","YES","worktree_attached","SKIP_DANGER"
"fix/newgrad-axis5-get-strength-groups-hotfix","D","HIGH","2026-05-03","Merge pull request #31 from true-hr/fix/newgrad-axis5-soft-trait-profile-clean","YES","worktree_attached","SKIP_DANGER"
"fix/newgrad-axis5-get-strength-groups-hotfix-v2","D","HIGH","2026-05-03","fix(newgrad): define axis5 trait group helpers","","danger_pattern","SKIP_DANGER"
"fix/newgrad-axis5-service-planning-traits","D","HIGH","2026-05-09","fix(transition): calibrate experienced role scoring","","recent_7d","SKIP_DANGER"
"fix/newgrad-axis5-service-planning-traits-clean","D","HIGH","2026-05-09","fix(newgrad): use service planning axis5 copy profile","","recent_7d","SKIP_DANGER"
"fix/newgrad-axis5-strength-workstyle-grounding","C","MEDIUM","2026-05-04","fix(newgrad): improve Axis4 stakeholder context grounding","","recent_14d","REVIEW_THEN_DELETE"
"fix/newgrad-industry-archetype-alias-match","D","HIGH","2026-05-09","fix(newgrad): refine borderline industry archetype aliases","","recent_7d","SKIP_DANGER"
"fix/newgrad-job-alias-coverage-phase1","D","HIGH","2026-05-03","Merge pull request #34 from true-hr/fix/newgrad-axis5-profile-coverage","YES","worktree_attached","SKIP_DANGER"
"fix/newgrad-legal-services-archetype","D","HIGH","2026-05-09","fix(newgrad): add legal services industry archetype","","recent_7d","SKIP_DANGER"
"fix/newgrad-mixed-market-b2bsignal","D","HIGH","2026-05-09","fix(newgrad): generalize mixed-market signal text","","recent_7d","SKIP_DANGER"
"fix/newgrad-mobile-goal-connection-structure-compact","C","MEDIUM","2026-05-05","fix(newgrad): move goal connection before radar","","recent_14d","REVIEW_THEN_DELETE"
"fix/newgrad-whatif-priority-map-step7a","D","HIGH","2026-05-11","fix(newgrad): prioritize what-if actions by target job","YES","worktree_attached","SKIP_DANGER"
"fix/openai-provider-resume-generate","D","HIGH","2026-05-02","feat(ai): add OpenAI provider for resume generation","YES","worktree_attached","SKIP_DANGER"
"fix/openai-worker-vercel-delegation","D","HIGH","2026-05-04","fix(ai): delegate OpenAI calls through Vercel proxy","","danger_pattern","SKIP_DANGER"
"fix/precise-analysis-result-rendering","C","MEDIUM","2026-05-07","fix(precise-analysis): fix runtime scope errors in analysis execution","","recent_14d","REVIEW_THEN_DELETE"
"fix/record-ai-cta-and-type-examples","D","HIGH","2026-05-02","fix(record): restore type examples and AI CTA state","YES","worktree_attached","SKIP_DANGER"
"fix/record-auth-ai-cta-state","D","HIGH","2026-05-02","fix(record): align auth state for saved records and AI CTA","YES","worktree_attached","SKIP_DANGER"
"fix/rejection-p3-1b-grounded-ai-prompt-quality","D","HIGH","2026-05-09","fix(rejection): stabilize grounded AI explanation prompt","","recent_7d","SKIP_DANGER"
"fix/reminder-settings-disclosure","D","HIGH","2026-05-11","fix(reminder): make notification settings expandable","","recent_7d","SKIP_DANGER"
"fix/reminder-settings-ui-cleanup","D","HIGH","2026-05-11","refactor(reminder): simplify settings experience","YES","worktree_attached","SKIP_DANGER"
"fix/report-accuracy-p0-integrated","C","MEDIUM","2026-05-07","fix(experienced): integrate validation intro and QC copy fixes","","recent_14d","REVIEW_THEN_DELETE"
"fix/required-gate-signals-risk-ctx","D","HIGH","2026-05-11","feat(decision): pass required gate signals into risk ctx","","recent_7d","SKIP_DANGER"
"fix/resume-ai-after-card-clean","D","HIGH","2026-05-08","feat(precise-analysis): add AI recruiter-view rejection analysis","","recent_7d","SKIP_DANGER"
"fix/resume-ai-after-card-loading-state","D","HIGH","2026-05-08","Merge pull request #158 from true-hr/fix/resume-ai-after-card-loading-state","","recent_7d","SKIP_DANGER"
"fix/resume-ai-after-preview-debug","C","MEDIUM","2026-05-06","Merge pull request #145 from true-hr/fix/resume-ai-state-render-binding","","recent_14d","REVIEW_THEN_DELETE"
"fix/resume-ai-bullet-preview-rendering-clean","C","MEDIUM","2026-05-06","fix(resume): render successful AI bullet in preview","","recent_14d","REVIEW_THEN_DELETE"
"fix/resume-ai-input-loading-before-navigation","D","HIGH","2026-05-08","fix(career): ground validation cards in current context","","recent_7d","SKIP_DANGER"
"fix/resume-ai-production-response-diagnosis","C","MEDIUM","2026-05-06","Merge pull request #144 from true-hr/fix/resume-ai-success-state-binding","","recent_14d","REVIEW_THEN_DELETE"
"fix/resume-ai-selected-record-source-binding","C","MEDIUM","2026-05-06","fix(resume): bind selected record to AI update preview","","recent_14d","REVIEW_THEN_DELETE"
"fix/resume-ai-source-binding-audit-clean","D","HIGH","2026-05-06","Merge pull request #145 from true-hr/fix/resume-ai-state-render-binding","YES","worktree_attached","SKIP_DANGER"
"fix/resume-ai-state-render-binding","D","HIGH","2026-05-06","fix(resume): bind AI generated bullet to update preview","YES","worktree_attached","SKIP_DANGER"
"fix/resume-ai-success-state-binding","C","MEDIUM","2026-05-06","fix(resume): bind successful AI bullets to preview state","","recent_14d","REVIEW_THEN_DELETE"
"fix/resume-import-button-wire","D","HIGH","2026-05-03","fix(resume): wire import button to JSON file picker","YES","worktree_attached","SKIP_DANGER"
"fix/resume-json-import-export-download","D","HIGH","2026-05-03","feat(resume): enable JSON import export and markdown download","YES","worktree_attached","SKIP_DANGER"
"fix/revert-axis2-batch2e-from-axis4-pr94","C","MEDIUM","2026-05-04","Revert ""feat(newgrad): add 15 new industries to axis2 batch 2-E registry""","","recent_14d","REVIEW_THEN_DELETE"
"fix/seniority-gate-year-unit-clean","D","HIGH","2026-05-11","fix(decision): align seniority gate gap unit with years","","recent_7d","SKIP_DANGER"
"fix/validation-cards-current-context","D","HIGH","2026-05-08","Merge pull request #158 from true-hr/fix/resume-ai-after-card-loading-state","YES","worktree_attached","SKIP_DANGER"
"fix/vercel-api-function-count-consolidation","D","HIGH","2026-05-09","fix(vercel): consolidate API functions under hobby limit","","recent_7d","SKIP_DANGER"
"fix/work-record-ai-example-card-ux","D","HIGH","2026-05-13","fix(work-record): improve AI example card UX","YES","worktree_attached","SKIP_DANGER"
"fix/work-record-font-size-round3","D","HIGH","2026-05-09","fix(work-record): increase experience input font size","","recent_7d","SKIP_DANGER"
"fix/work-record-font-size-round3-clean","D","HIGH","2026-05-09","fix(work-record): further increase experience input font size","YES","worktree_attached","SKIP_DANGER"
"fix/worker-resume-import-duplicate-helper","D","HIGH","2026-05-04","fix(worker): avoid duplicate resume import date helper","YES","worktree_attached","SKIP_DANGER"
"fix/worker-smart-placement-ai-provider","D","HIGH","2026-05-02","fix(worker): enable smart placement for AI provider","YES","worktree_attached","SKIP_DANGER"
"hotfix/github-pages-transition-lite-jsx-close","D","HIGH","2026-05-04","fix(report): close consulting CTA JSX conditional","","danger_pattern","SKIP_DANGER"
"hotfix/main-industry-registry-build","D","HIGH","2026-05-04","fix(newgrad): restore industry registry build","YES","worktree_attached","SKIP_DANGER"
"hotfix/p3b5-remove-axis2-contamination","D","HIGH","2026-05-03","fix(newgrad): remove unintended axis2 batch2a doc from p3b5 merge","YES","worktree_attached","SKIP_DANGER"
"investigate/ai-draft-button-disabled-root","D","HIGH","2026-05-03","Merge pull request #24 from true-hr/fix/ai-resume-button-current-user-gate","YES","worktree_attached","SKIP_DANGER"
"investigate/newgrad-axis1-input-contract","D","HIGH","2026-05-03","Merge branch 'release/career-transition-copy-quality-batch-4e'","YES","worktree_attached","SKIP_DANGER"
"investigate/newgrad-axis1-job-action-source","D","HIGH","2026-05-03","Merge branch 'release/career-transition-copy-quality-batch-4e'","YES","worktree_attached","SKIP_DANGER"
"investigate/newgrad-axis5-detail-render-contract","D","HIGH","2026-05-03","Merge pull request #27 from true-hr/fix/newgrad-axis5-fit-and-category-actions","YES","worktree_attached","SKIP_DANGER"
"investigate/newgrad-axis5-engine-gap-audit","D","HIGH","2026-05-03","Merge pull request #25 from true-hr/release/newgrad-axis5-judgment-output","YES","worktree_attached","SKIP_DANGER"
"investigate/newgrad-runtime-sample-output-retry","D","HIGH","2026-05-03","Merge branch 'release/career-transition-smoke-coverage-operations-planning'","YES","worktree_attached","SKIP_DANGER"
"investigate/resume-ai-import","D","HIGH","2026-05-03","Merge pull request #58 from true-hr/fix/resume-import-button-wire","YES","worktree_attached","SKIP_DANGER"
"investigate/resume-import-export-ai","D","HIGH","2026-05-03","Merge pull request #51 from true-hr/hotfix/p3b5-remove-axis2-contamination","YES","worktree_attached","SKIP_DANGER"
"investigate/resume-import-export-download","D","HIGH","2026-05-03","Merge pull request #48 from true-hr/fix/newgrad-axis2-batch2a-copy-quality","YES","worktree_attached","SKIP_DANGER"
"main","A","PROTECTED","2026-05-15","fix(cleanup): detect worktree remove failures","","protected pattern","PROTECT"
"qa/axis1-round3-output-quality","C","MEDIUM","2026-05-04","docs(newgrad): audit round3 axis1 output quality","","recent_14d","REVIEW_THEN_DELETE"
"qa/axis1-special-output-quality","C","MEDIUM","2026-05-04","docs(newgrad): audit special axis1 output quality","","recent_14d","REVIEW_THEN_DELETE"
"qa/axis2-batch2a-post-qa","D","HIGH","2026-05-04","Merge pull request #67 from true-hr/fix/axis1-industrial-engineering-pm-bridge","YES","worktree_attached","SKIP_DANGER"
"qa/axis2-batch2a-runtime-output","D","HIGH","2026-05-03","Merge pull request #45 from true-hr/fix/newgrad-axis1-role-profiles-p3b3","YES","worktree_attached","SKIP_DANGER"
"qa/newgrad-axis1-final-quality","D","HIGH","2026-05-03","docs(newgrad): record Axis1 final quality QA","YES","worktree_attached","SKIP_DANGER"
"qa/newgrad-axis1-full-structure-investigation","D","HIGH","2026-05-03","Merge pull request #52 from true-hr/fix/newgrad-axis2-comparison-block-copy","YES","worktree_attached","SKIP_DANGER"
"qa/newgrad-axis2-batch2a-copy-surface","D","HIGH","2026-05-03","Merge pull request #48 from true-hr/fix/newgrad-axis2-batch2a-copy-quality","YES","worktree_attached","SKIP_DANGER"
"qa/newgrad-axis2-comparison-block-investigation","D","HIGH","2026-05-03","Merge pull request #48 from true-hr/fix/newgrad-axis2-batch2a-copy-quality","YES","worktree_attached","SKIP_DANGER"
"qa/newgrad-axis3-phase2-representative-cases","D","HIGH","2026-05-04","Merge pull request #82 from true-hr/fix/newgrad-axis3-detail-reading-phase1-clean","YES","worktree_attached","SKIP_DANGER"
"qa/newgrad-axis3-phase3-postqa","D","HIGH","2026-05-04","Merge pull request #84 from true-hr/fix/newgrad-axis3-phase3-qa-polish","YES","worktree_attached","SKIP_DANGER"
"qa/newgrad-axis4-p1-hotfix-partial-reqa","D","HIGH","2026-05-04","docs(newgrad): reqa axis4 p1 hotfix partial cases","","danger_pattern","SKIP_DANGER"
"qa/newgrad-axis4-p2-batch2-after-merge-reqa","C","MEDIUM","2026-05-04","qa(newgrad): comprehensive after-merge reqa for axis4 p2 batch 2 read path","","recent_14d","REVIEW_THEN_DELETE"
"qa/newgrad-report-e2e-after-axis1","C","MEDIUM","2026-05-04","docs(newgrad): audit report quality after axis1 enhancement","","recent_14d","REVIEW_THEN_DELETE"
"refactor/00-safety","D","HIGH","2026-02-13","update","","danger_pattern","SKIP_DANGER"
"refactor/01-utils","D","HIGH","2026-02-19","fix: adapt decision risks to hypothesis cards","","danger_pattern","SKIP_DANGER"
"release/ai-resume-cta-discoverability","A","PROTECTED","2026-05-02","refactor(ui): reposition AI resume CTA and declutter record screen","","protected pattern","PROTECT"
"release/ai-resume-mvp-main","A","PROTECTED","2026-05-02","feat: add AI resume bullet generation MVP","","protected pattern","PROTECT"
"release/career-transition-batch-3a","A","PROTECTED","2026-05-02","feat: add planning and account management transition archetypes","","protected pattern","PROTECT"
"release/career-transition-batch-3b","A","PROTECTED","2026-05-02","feat: add sales marketing and data transition archetypes","","protected pattern","PROTECT"
"release/career-transition-batch-3d-cx","A","PROTECTED","2026-05-02","feat: add customer experience transition archetypes","","protected pattern","PROTECT"
"release/career-transition-commerce-md-taxonomy","A","PROTECTED","2026-05-02","feat: add commerce operations and merchandising taxonomy (Batch 3-C)","","protected pattern","PROTECT"
"release/career-transition-copy-quality-batch-4b","A","PROTECTED","2026-05-03","fix: improve career transition copy quality batch 4b","","protected pattern","PROTECT"
"release/career-transition-copy-quality-batch-4c","A","PROTECTED","2026-05-03","fix: improve career transition copy quality batch 4c","","protected pattern","PROTECT"
"release/career-transition-copy-quality-batch-4e","A","PROTECTED","2026-05-03","fix: improve career transition copy quality batch 4e","","protected pattern","PROTECT"
"release/career-transition-cs-cx-taxonomy","A","PROTECTED","2026-05-02","feat: add customer success transition archetypes","","protected pattern","PROTECT"
"release/career-transition-customer-ops-cx-planning-archetypes","A","PROTECTED","2026-05-02","feat: add customer ops CX planning archetypes","","protected pattern","PROTECT"
"release/career-transition-cx-planning-taxonomy","A","PROTECTED","2026-05-02","feat: add CX planning transition taxonomy","","protected pattern","PROTECT"
"release/career-transition-finance-fpa-archetypes","A","PROTECTED","2026-05-02","feat: add finance transition archetypes","","protected pattern","PROTECT"
"release/career-transition-hrbp-archetypes","A","PROTECTED","2026-05-02","feat: add HRBP transition archetypes","","protected pattern","PROTECT"
"release/career-transition-procurement-scm-archetypes","A","PROTECTED","2026-05-02","feat: add procurement SCM transition archetypes","","protected pattern","PROTECT"
"release/career-transition-resolver-v1","A","PROTECTED","2026-05-02","feat: add marketing transition archetypes","","protected pattern","PROTECT"
"release/career-transition-smoke-coverage-batch-3c-3e","A","PROTECTED","2026-05-02","test: cover batch 3 career transition archetypes","","protected pattern","PROTECT"
"release/career-transition-smoke-coverage-marketing-sales","A","PROTECTED","2026-05-03","test: cover marketing sales transition archetypes","","protected pattern","PROTECT"
"release/career-transition-smoke-coverage-operations-planning","A","PROTECTED","2026-05-03","test: cover operations planning transition archetypes","","protected pattern","PROTECT"
"release/career-transition-smoke-coverage-tech-data","A","PROTECTED","2026-05-03","test: cover tech data transition archetypes","","protected pattern","PROTECT"
"release/mobile-app-shell-clean","A","PROTECTED","2026-05-02","feat(mobile): add clean mobile app shell release","","protected pattern","PROTECT"
"release/newgrad-axis5-judgment-output","A","PROTECTED","2026-05-03","fix(newgrad): tighten axis5 judgment output quality","","protected pattern","PROTECT"
"release/what-if-ui-only","A","PROTECTED","2026-05-02","feat: release newgrad what-if UI update","","protected pattern","PROTECT"
"research/newgrad-detail-copy-criteria","D","HIGH","2026-05-03","Merge branch 'release/career-transition-copy-quality-batch-4e'","YES","worktree_attached","SKIP_DANGER"
"restore/ui-test","D","HIGH","2026-05-01","fix(supabase): repair migration syntax errors in sql/1 and sql/3","YES","worktree_attached","SKIP_DANGER"
"stable/20260301","B","LOW","2026-03-02","fix(api): add CORS + OPTIONS for /api/parse","","merged_stale","DELETE_SAFE"
"temp-safe","C","MEDIUM","2026-05-04","Merge pull request #81 from true-hr/qa/newgrad-report-e2e-after-axis1","","recent_14d","REVIEW_THEN_DELETE"
"temp/compound-creative-infra-read","D","HIGH","2026-05-08","fix(career): handle creative infra compound read","","recent_7d","SKIP_DANGER"
